<application>
  <component name="ProjectManager">
    <defaultProject>
      <component name="Encoding" addBOMForNewFiles="with BOM under Windows, with no BOM otherwise" />
      <component name="MarkdownSettingsMigration">
        <option name="stateVersion" value="1" />
      </component>
      <component name="WindowStateProjectService">
        <state x="560" y="279" width="804" height="522" key="Rider.ProjectTemplateDialog.Size" timestamp="1671452143140">
          <screen x="0" y="0" width="1920" height="1080" />
        </state>
        <state x="560" y="279" width="804" height="522" key="Rider.ProjectTemplateDialog.Size/0.0.1920.1080" timestamp="1671452143140" />
      </component>
    </defaultProject>
  </component>
</application>